-1.337997,-48.388977,I'm at Biblioteca - Colegio Sistema https://t.co/mg8VsZvOTx
48.572967,7.793012,200 –∫–º –∏ —è –≤ —Å–∞–º–æ–º –Ω–µ–º–µ—Ü–∫–æ–º –≥–æ—Ä–æ–¥–µ –§—Ä–∞–Ω—Ü–∏–∏ üòâ –¢–∞–º –ø—Ä–æ—Å—Ç–æ –≤–æ–ª—à–µ–±–Ω–æ üòç #—Å—Ç—Ä–∞—Å–±—É—Ä–≥ #Stra√üburg‚Ä¶ https://t.co/iL3nqQEh0q
42.194059,14.361694,#summer#castelfrentano#peppone @ osteria da Peppone il Meglio https://t.co/aZdxsz5Bd1
41.014014,40.673605,#√∂yle#bakiyorum#duvara#son#ses#bak#ne#diyor#m√ºsl√ºm#g√ºrses#deli#gibi#sevmek#ruhumuzda#var# @ fanbur‚Ä¶ https://t.co/s6h4o5D11o
37.77493,-122.419416,Interested in a #Hospitality #job near #SanFrancisco, CA? This could be a great fit: http://t.co/f4pDaduhl6 #Hiring #CareerArc
-34.600808,-58.496599,Hola el plan es #TEG y amigas. A conquistar el mundo! (@ SportClub in Villa del Parque, Buenos Aires F.D.) https://t.co/YBK4x5PqyE
-34.668552,-58.398042,Me voy a acostar en la cama de mi tio y me voy a poner una peli üëå
59.99354,30.21568,Just posted a photo @ –ü–∞—Ä–∫ 300 –õ–µ—Ç–∏—è –°–∞–Ω–∫—Ç-–ü–µ—Ç–µ—Ä–±—É—Ä–≥–∞ https://t.co/tlo65upBCu
38.921674,-77.066884,See our latest #Washington, Washington D.C. #job and click to apply: Retail Cosmetics Sales - Counter Manager... - http://t.co/JcEEHbQ6Xw
-5.744247,39.291192,ŸÅŸáÿµŸàÿ±Ÿá ŸÖÿßÿ∂ÿ±Ÿàÿ±Ÿä ÿßÿπŸÑŸÇ @ Diamonds Star of the East, Zanzibar https://t.co/zQkdv5oN4K
